{
  "climb_gradient_m_per_m": 0.0861774793809889,
  "tas_stability_std_mps_over_60s": 1.2452437663861147,
  "descent_energy_rate_m2_per_s3": -47.34374821651866
}